,date,sugar_eu,sugar_us,sugar_world
0,1960-01-01,0.12235641,0.11684486,0.0666
1,1960-02-01,0.12235641,0.11904948,0.0679
2,1960-03-01,0.12235641,0.1212541,0.0683
3,1960-04-01,0.12235641,0.12345872,0.0681
4,1960-05-01,0.12235641,0.1212541,0.0683
5,1960-06-01,0.12235641,0.12566334,0.0666
6,1960-07-01,0.12235641,0.1322772,0.0728
7,1960-08-01,0.12235641,0.12786796,0.0741
8,1960-09-01,0.12235641,0.1322772,0.0725
9,1960-10-01,0.12235641,0.13007258,0.0538
10,1960-11-01,0.12235641,0.13007258,0.052
11,1960-12-01,0.12235641,0.13007258,0.0635
12,1961-01-01,0.124340568,0.12786796,0.0646
13,1961-02-01,0.124340568,0.12566334,0.0626
14,1961-03-01,0.124340568,0.12345872,0.0626
15,1961-04-01,0.124340568,0.12345872,0.0668
16,1961-05-01,0.124340568,0.13007258,0.0703
17,1961-06-01,0.124340568,0.13007258,0.0655
18,1961-07-01,0.124340568,0.12786796,0.0609
19,1961-08-01,0.124340568,0.1212541,0.0536
20,1961-09-01,0.124340568,0.1212541,0.0542
21,1961-10-01,0.124340568,0.12345872,0.0527
22,1961-11-01,0.124340568,0.12566334,0.0509
23,1961-12-01,0.124340568,0.12786796,0.0487
24,1962-01-01,0.126324726,0.12786796,0.0465
25,1962-02-01,0.126324726,0.12786796,0.0498
26,1962-03-01,0.126324726,0.12786796,0.0558
27,1962-04-01,0.126324726,0.12786796,0.0571
28,1962-05-01,0.126324726,0.12786796,0.0553
29,1962-06-01,0.126324726,0.12786796,0.0562
30,1962-07-01,0.126324726,0.12786796,0.0621
31,1962-08-01,0.126324726,0.13007258,0.0646
32,1962-09-01,0.126324726,0.12786796,0.0626
33,1962-10-01,0.126324726,0.13007258,0.0666
34,1962-11-01,0.126324726,0.12786796,0.0754
35,1962-12-01,0.126324726,0.13007258,0.0882
36,1963-01-01,0.12676565,0.13448182,0.1157
37,1963-02-01,0.12676565,0.13668644,0.1305
38,1963-03-01,0.12676565,0.14109568,0.1431
39,1963-04-01,0.12676565,0.16314188,0.1647
40,1963-05-01,0.12676565,0.22487124,0.2191
41,1963-06-01,0.12676565,0.17857422,0.2154
42,1963-07-01,0.12676565,0.16314188,0.1975
43,1963-08-01,0.12676565,0.1322772,0.1413
44,1963-09-01,0.12676565,0.14991416,0.1607
45,1963-10-01,0.12676565,0.19400656,0.2304
46,1963-11-01,0.12676565,0.19180194,0.2542
47,1963-12-01,0.12676565,0.18077884,0.2262
48,1964-01-01,0.12676565,0.19180194,0.231
49,1964-02-01,0.12676565,0.16314188,0.1991
50,1964-03-01,0.12676565,0.14770954,0.1612
51,1964-04-01,0.12676565,0.14991416,0.1711
52,1964-05-01,0.12676565,0.1322772,0.1545
53,1964-06-01,0.12676565,0.12786796,0.1155
54,1964-07-01,0.12676565,0.12345872,0.1034
55,1964-08-01,0.12676565,0.12345872,0.0933
56,1964-09-01,0.12676565,0.12345872,0.0783
57,1964-10-01,0.12676565,0.12566334,0.0769
58,1964-11-01,0.12676565,0.12345872,0.0725
59,1964-12-01,0.12456103,0.1322772,0.0591
60,1965-01-01,0.12456103,0.13889106,0.0513
61,1965-02-01,0.12456103,0.13889106,0.0476
62,1965-03-01,0.12456103,0.1322772,0.0534
63,1965-04-01,0.12456103,0.1322772,0.0512
64,1965-05-01,0.12456103,0.13668644,0.0496
65,1965-06-01,0.12456103,0.13668644,0.0412
66,1965-07-01,0.12456103,0.13448182,0.0408
67,1965-08-01,0.12456103,0.13668644,0.0377
68,1965-09-01,0.12456103,0.13668644,0.039
69,1965-10-01,0.12456103,0.13889106,0.0428
70,1965-11-01,0.12456103,0.13668644,0.0377
71,1965-12-01,0.12456103,0.13448182,0.0383
72,1966-01-01,0.130954428,0.13889106,0.0531
73,1966-02-01,0.130954428,0.13889106,0.0489
74,1966-03-01,0.130954428,0.13668644,0.0472
75,1966-04-01,0.130954428,0.13889106,0.0452
76,1966-05-01,0.130954428,0.13889106,0.045
77,1966-06-01,0.130954428,0.13889106,0.037
78,1966-07-01,0.130954428,0.14109568,0.0379
79,1966-08-01,0.130954428,0.1433003,0.0359
80,1966-09-01,0.130954428,0.1433003,0.0329
81,1966-10-01,0.130954428,0.14550492,0.0337
82,1966-11-01,0.130954428,0.1433003,0.0311
83,1966-12-01,0.130954428,0.1433003,0.0298
84,1967-01-01,0.129411194,0.1433003,0.0287
85,1967-02-01,0.129411194,0.14550492,0.037
86,1967-03-01,0.129411194,0.14550492,0.0346
87,1967-04-01,0.129411194,0.14550492,0.0452
88,1967-05-01,0.129411194,0.14770954,0.056
89,1967-06-01,0.129411194,0.14770954,0.0547
90,1967-07-01,0.129411194,0.14770954,0.037
91,1967-08-01,0.129411194,0.14770954,0.0362
92,1967-09-01,0.129411194,0.14770954,0.037
93,1967-10-01,0.129411194,0.14991416,0.0428
94,1967-11-01,0.129411194,0.14991416,0.0485
95,1967-12-01,0.129411194,0.14770954,0.047
96,1968-01-01,0.112215158,0.14991416,0.0467
97,1968-02-01,0.112215158,0.14991416,0.0461
98,1968-03-01,0.112215158,0.14991416,0.0417
99,1968-04-01,0.112215158,0.14991416,0.0388
100,1968-05-01,0.112215158,0.15211878,0.0414
101,1968-06-01,0.112215158,0.1543234,0.0384
102,1968-07-01,0.112215158,0.1543234,0.0359
103,1968-08-01,0.112215158,0.1543234,0.0337
104,1968-09-01,0.112215158,0.1543234,0.0304
105,1968-10-01,0.112215158,0.15652802,0.039
106,1968-11-01,0.112215158,0.1543234,0.0509
107,1968-12-01,0.112215158,0.1543234,0.0602
108,1969-01-01,0.112215158,0.15652802,0.0635
109,1969-02-01,0.112215158,0.15652802,0.0688
110,1969-03-01,0.112215158,0.15873264,0.0774
111,1969-04-01,0.112215158,0.15873264,0.0805
112,1969-05-01,0.112215158,0.15873264,0.0805
113,1969-06-01,0.112215158,0.15873264,0.0803
114,1969-07-01,0.112215158,0.14991416,0.0765
115,1969-08-01,0.112215158,0.15873264,0.065
116,1969-09-01,0.112215158,0.15873264,0.0604
117,1969-10-01,0.112215158,0.16093726,0.065
118,1969-11-01,0.112215158,0.15873264,0.067
119,1969-12-01,0.112215158,0.1543234,0.0622
120,1970-01-01,0.112215158,0.1653465,0.0791
121,1970-02-01,0.112215158,0.16314188,0.069
122,1970-03-01,0.112215158,0.16093726,0.0745
123,1970-04-01,0.112215158,0.16093726,0.0787
124,1970-05-01,0.112215158,0.16755112,0.0805
125,1970-06-01,0.112215158,0.16755112,0.0842
126,1970-07-01,0.112215158,0.16755112,0.0842
127,1970-08-01,0.112215158,0.16755112,0.0841
128,1970-09-01,0.112215158,0.16755112,0.0853
129,1970-10-01,0.112215158,0.16755112,0.0866
130,1970-11-01,0.112215158,0.16314188,0.0901
131,1970-12-01,0.112215158,0.1653465,0.0906
132,1971-01-01,0.112215158,0.16975574,0.104
133,1971-02-01,0.112215158,0.17416498,0.1063
134,1971-03-01,0.112215158,0.17196036,0.1034
135,1971-04-01,0.112215158,0.16975574,0.1005
136,1971-05-01,0.112215158,0.17416498,0.0961
137,1971-06-01,0.112215158,0.1763696,0.0915
138,1971-07-01,0.112215158,0.1763696,0.092
139,1971-08-01,0.113758392,0.17857422,0.0937
140,1971-09-01,0.115522088,0.17416498,0.0879
141,1971-10-01,0.116403936,0.17416498,0.0928
142,1971-11-01,0.116624398,0.1763696,0.0935
143,1971-12-01,0.118167632,0.18298346,0.1275
144,1972-01-01,0.1543234,0.19180194,0.1741
145,1972-02-01,0.156087096,0.1873927,0.181
146,1972-03-01,0.157189406,0.18959732,0.185
147,1972-04-01,0.15652802,0.18518808,0.156
148,1972-05-01,0.15652802,0.17857422,0.1462
149,1972-06-01,0.154543862,0.18077884,0.1395
150,1972-07-01,0.146386768,0.1873927,0.1225
151,1972-08-01,0.146827692,0.19400656,0.1378
152,1972-09-01,0.146386768,0.19400656,0.1558
153,1972-10-01,0.143741224,0.19400656,0.1633
154,1972-11-01,0.14109568,0.18518808,0.1604
155,1972-12-01,0.140654756,0.18959732,0.2017
156,1973-01-01,0.141316142,0.206793356,0.2072
157,1973-02-01,0.14550492,0.201502268,0.1979
158,1973-03-01,0.148591388,0.208116128,0.1933
159,1973-04-01,0.14881185,0.21274583,0.1982
160,1973-05-01,0.151677856,0.221784772,0.2001
161,1973-06-01,0.154543862,0.22597355,0.2067
162,1973-07-01,0.152339242,0.22597355,0.2098
163,1973-08-01,0.148591388,0.23699665,0.1977
164,1973-09-01,0.145284458,0.241846814,0.1977
165,1973-10-01,0.14550492,0.24581513,0.2096
166,1973-11-01,0.1433003,0.24471282,0.2235
167,1973-12-01,0.139111522,0.250003908,0.2612
168,1974-01-01,0.18188115,0.278443506,0.3342
169,1974-02-01,0.186069928,0.376769558,0.465
170,1974-03-01,0.191140554,0.399256682,0.4652
171,1974-04-01,0.195329332,0.424168888,0.4762
172,1974-05-01,0.19731349,0.507944448,0.521
173,1974-06-01,0.195549794,0.57871275,0.5183
174,1974-07-01,0.195329332,0.62500977,0.5518
175,1974-08-01,0.19180194,0.718926582,0.6753
176,1974-09-01,0.319008514,0.743177402,0.7529
177,1974-10-01,0.321433596,0.855833484,0.8708
178,1974-11-01,0.32077221,1.26324726,1.2377
179,1974-12-01,0.32077221,1.028234768,0.9894
180,1975-01-01,0.604727266,0.88515493,0.8445
181,1975-02-01,0.330031614,0.795206434,0.7491
182,1975-03-01,0.33399993,0.628757624,0.582
183,1975-04-01,0.328929304,0.574744434,0.528
184,1975-05-01,0.332456696,0.424830274,0.3909
185,1975-06-01,0.332456696,0.351857352,0.3009
186,1975-07-01,0.316583432,0.438498918,0.368
187,1975-08-01,0.305119408,0.465395282,0.4102
188,1975-09-01,0.29982832,0.382722032,0.3417
189,1975-10-01,0.301812478,0.34061379,0.3101
190,1975-11-01,0.301371554,0.331354386,0.2969
191,1975-12-01,0.2976237,0.32628376,0.2908
192,1976-01-01,0.297403238,0.339952404,0.3091
193,1976-02-01,0.295639542,0.331574848,0.2976
194,1976-03-01,0.288584758,0.358691674,0.3261
195,1976-04-01,0.2976237,0.343479796,0.3097
196,1976-05-01,0.295639542,0.352077814,0.3206
197,1976-06-01,0.29321446,0.31746528,0.2864
198,1976-07-01,0.292993998,0.321654058,0.2912
199,1976-08-01,0.293875846,0.249562984,0.2209
200,1976-09-01,0.295639542,0.21605276,0.1792
201,1976-10-01,0.295860004,0.23479203,0.177
202,1976-11-01,0.29652139,0.230603252,0.1737
203,1976-12-01,0.299607858,0.225312164,0.1664
204,1977-01-01,0.299387396,0.24140589,0.1839
205,1977-02-01,0.298285086,0.243830972,0.1894
206,1977-03-01,0.299166934,0.257279154,0.198
207,1977-04-01,0.300489706,0.277120734,0.2213
208,1977-05-01,0.307764952,0.250003908,0.1986
209,1977-06-01,0.307764952,0.226634936,0.1735
210,1977-07-01,0.31305604,0.22376893,0.1629
211,1977-08-01,0.311512806,0.247137902,0.1678
212,1977-09-01,0.310190034,0.229500942,0.1612
213,1977-10-01,0.314599274,0.225753088,0.1563
214,1977-11-01,0.317906204,0.229721404,0.1559
215,1977-12-01,0.326945146,0.25904285,0.1784
216,1978-01-01,0.33399993,0.292773536,0.1933
217,1978-02-01,0.336425012,0.32518145,0.187
218,1978-03-01,0.343479796,0.3086468,0.1706
219,1978-04-01,0.343479796,0.307103566,0.1673
220,1978-05-01,0.332677158,0.300269244,0.1616
221,1978-06-01,0.336425012,0.299166934,0.1594
222,1978-07-01,0.349873194,0.278443506,0.1418
223,1978-08-01,0.357589364,0.292993998,0.1561
224,1978-09-01,0.361337218,0.317685742,0.1801
225,1978-10-01,0.379856026,0.346345802,0.1975
226,1978-11-01,0.367951078,0.313937888,0.1766
227,1978-12-01,0.371258008,0.31415835,0.1764
228,1979-01-01,0.377651406,0.322535906,0.1669
229,1979-02-01,0.37588771,0.337527322,0.1814
230,1979-03-01,0.37588771,0.342377486,0.1865
231,1979-04-01,0.371919394,0.315040198,0.1724
232,1979-05-01,0.367730616,0.315922046,0.1731
233,1979-06-01,0.372139856,0.322094982,0.1795
234,1979-07-01,0.473552376,0.343700258,0.1878
235,1979-08-01,0.472009142,0.348770884,0.1956
236,1979-09-01,0.477079768,0.346566264,0.2182
237,1979-10-01,0.47509561,0.350755042,0.262
238,1979-11-01,0.476859306,0.359132598,0.303
239,1979-12-01,0.487882406,0.40344546,0.329
240,1980-01-01,0.49273257,0.433428292,0.381
241,1980-02-01,0.488102868,0.544320678,0.5
242,1980-03-01,0.463411124,0.466938516,0.433
243,1980-04-01,0.45966327,0.499787354,0.468
244,1980-05-01,0.478623002,0.703053318,0.6816
245,1980-06-01,0.485677786,0.70768302,0.679
246,1980-07-01,0.51698339,0.63382825,0.609
247,1980-08-01,0.5070626,0.730611068,0.7028
248,1980-09-01,0.507723986,0.772278386,0.7649
249,1980-10-01,0.49714181,0.91932654,0.894
250,1980-11-01,0.479284388,0.865974736,0.833
251,1980-12-01,0.46627713,0.667779398,0.633
252,1981-01-01,0.461647428,0.651906134,0.616
253,1981-02-01,0.432987368,0.574744434,0.532
254,1981-03-01,0.432766906,0.524920022,0.4966
255,1981-04-01,0.421523344,0.438939842,0.3931
256,1981-05-01,0.397272524,0.384265266,0.3305
257,1981-06-01,0.38250157,0.41777549,0.361
258,1981-07-01,0.40234315,0.42108242,0.3602
259,1981-08-01,0.392201898,0.384044804,0.33
260,1981-09-01,0.411602554,0.341495638,0.2568
261,1981-10-01,0.422846116,0.345243492,0.2655
262,1981-11-01,0.42769628,0.358912136,0.2622
263,1981-12-01,0.421964268,0.376328634,0.2851
264,1982-01-01,0.41557087,0.400358992,0.2862
265,1982-02-01,0.402122688,0.391760974,0.2884
266,1982-03-01,0.394406518,0.377651406,0.2484
267,1982-04-01,0.388674506,0.394406518,0.2103
268,1982-05-01,0.40234315,0.431444134,0.1792
269,1982-06-01,0.380737874,0.463631586,0.151
270,1982-07-01,0.408516086,0.48832333,0.1726
271,1982-08-01,0.405870542,0.49493719,0.149
272,1982-09-01,0.40124084,0.460324656,0.13
273,1982-10-01,0.396611138,0.450624328,0.1302
274,1982-11-01,0.390438202,0.458340498,0.1433
275,1982-12-01,0.406972852,0.459222346,0.1391
276,1983-01-01,0.41005932,0.468040826,0.1327
277,1983-02-01,0.40234315,0.479725312,0.1417
278,1983-03-01,0.400358992,0.481929932,0.1367
279,1983-04-01,0.394186056,0.494496266,0.1479
280,1983-05-01,0.392201898,0.49824412,0.2036
281,1983-06-01,0.38029695,0.496921348,0.2368
282,1983-07-01,0.38911543,0.487000558,0.2321
283,1983-08-01,0.37809233,0.49714181,0.2328
284,1983-09-01,0.377651406,0.48942564,0.2079
285,1983-10-01,0.384044804,0.483693628,0.2147
286,1983-11-01,0.373903552,0.48060716,0.1836
287,1983-12-01,0.364644148,0.473331914,0.1702
288,1984-01-01,0.356707516,0.474213762,0.1536
289,1984-02-01,0.367730616,0.482370856,0.1462
290,1984-03-01,0.38139926,0.485677786,0.1415
291,1984-04-01,0.374564938,0.485898248,0.1325
292,1984-05-01,0.361116756,0.485236862,0.1241
293,1984-06-01,0.36155768,0.486339172,0.1217
294,1984-07-01,0.356927978,0.482591318,0.1001
295,1984-08-01,0.355164282,0.478843464,0.089
296,1984-09-01,0.340393328,0.47840254,0.0904
297,1984-10-01,0.440042152,0.47509561,0.1025
298,1984-11-01,0.335763626,0.471568218,0.0961
299,1984-12-01,0.320992672,0.46517482,0.0783
300,1985-01-01,0.305119408,0.456797264,0.0796
301,1985-02-01,0.295639542,0.451506176,0.0816
302,1985-03-01,0.302914788,0.461206504,0.0844
303,1985-04-01,0.335763626,0.462308814,0.0754
304,1985-05-01,0.337527322,0.464954358,0.0622
305,1985-06-01,0.346345802,0.468922674,0.0613
306,1985-07-01,0.373242166,0.468040826,0.0708
307,1985-08-01,0.374124014,0.453931258,0.0968
308,1985-09-01,0.368832926,0.430121362,0.1129
309,1985-10-01,0.38470619,0.411823016,0.1105
310,1985-11-01,0.389335892,0.416452718,0.1208
311,1985-12-01,0.391099588,0.438498918,0.1173
312,1986-01-01,0.395288366,0.452828948,0.1067
313,1986-02-01,0.396390676,0.456797264,0.1235
314,1986-03-01,0.40675239,0.457017726,0.1533
315,1986-04-01,0.415791332,0.452828948,0.1837
316,1986-05-01,0.423066578,0.460545118,0.1691
317,1986-06-01,0.418657338,0.462088352,0.1401
318,1986-07-01,0.425050736,0.462308814,0.1224
319,1986-08-01,0.418657338,0.462088352,0.1228
320,1986-09-01,0.414689022,0.460104194,0.1032
321,1986-10-01,0.402122688,0.464733896,0.1188
322,1986-11-01,0.401020378,0.466938516,0.131
323,1986-12-01,0.40454777,0.465395282,0.1259
324,1987-01-01,0.42425134259,0.4739933,0.1431
325,1987-02-01,0.42992087365,0.479725275,0.1626
326,1987-03-01,0.44845314095,0.479725275,0.1665
327,1987-04-01,0.45920640745,0.48192994546,0.1472
328,1987-05-01,0.4696300877,0.485236825,0.1484
329,1987-06-01,0.45916133007,0.48633920228,0.142
330,1987-07-01,0.47451639938,0.48655962727,0.1345
331,1987-08-01,0.47019254568,0.48237087955,0.1238
332,1987-09-01,0.48468790704,0.48237087955,0.1283
333,1987-10-01,0.48956589287,0.47818204772,0.1466
334,1987-11-01,0.52322540371,0.47950485,0.1616
335,1987-12-01,0.5387140652,0.479725275,0.1829
336,1988-01-01,0.53147225046,0.48126858637,0.2131
337,1988-02-01,0.51768425066,0.48722098636,0.1858
338,1988-03-01,0.53953050391,0.48854378864,0.1878
339,1988-04-01,0.55288526474,0.48854378864,0.1883
340,1988-05-01,0.55142626319,0.48788242955,0.1962
341,1988-06-01,0.52520018797,0.49692136818,0.233
342,1988-07-01,0.50262588467,0.51654247273,0.3092
343,1988-08-01,0.50036520389,0.48281181364,0.2457
344,1988-09-01,0.49619466372,0.47994578409,0.224
345,1988-10-01,0.5115654176,0.479284425,0.2266
346,1988-11-01,0.53286636918,0.47840255682,0.239
347,1988-12-01,0.53867870133,0.484795975,0.2473
348,1989-01-01,0.53856663864,0.48237087955,0.2127
349,1989-02-01,0.53185894033,0.48655962727,0.2324
350,1989-03-01,0.52009012936,0.48766192045,0.2544
351,1989-04-01,0.5155990857,0.49163024318,0.2681
352,1989-05-01,0.49462687937,0.49493720682,0.2641
353,1989-06-01,0.47090125283,0.506842175,0.2787
354,1989-07-01,0.50085537828,0.51940850228,0.309
355,1989-08-01,0.49337438435,0.51962892727,0.3086
356,1989-09-01,0.48492700215,0.5180857,0.3115
357,1989-10-01,0.4902776276,0.51014905454,0.3184
358,1989-11-01,0.48564020863,0.512353725,0.3312
359,1989-12-01,0.49257779314,0.50353521136,0.2956
360,1990-01-01,0.50989553636,0.50816489318,0.313
361,1990-02-01,0.52362252192,0.50441707955,0.3229
362,1990-03-01,0.50174145145,0.51984943637,0.3386
363,1990-04-01,0.50531366516,0.52447911818,0.336
364,1990-05-01,0.51820087437,0.52006986136,0.3225
365,1990-06-01,0.52735835137,0.51389695228,0.286
366,1990-07-01,0.61888640397,0.51632196363,0.2643
367,1990-08-01,0.65019070611,0.512794575,0.241
368,1990-09-01,0.64389488549,0.51213321591,0.243
369,1990-10-01,0.66624880585,0.51345601818,0.2164
370,1990-11-01,0.6727193013,0.51036956364,0.2217
371,1990-12-01,0.66014136828,0.49559856591,0.2147
372,1991-01-01,0.66236786258,0.48060714318,0.1941
373,1991-02-01,0.67333238723,0.47222956363,0.1876
374,1991-03-01,0.62716890895,0.47245007273,0.2015
375,1991-04-01,0.59940297044,0.46782039091,0.1875
376,1991-05-01,0.59131915072,0.46914310909,0.1671
377,1991-06-01,0.56439244191,0.47178871364,0.2028
378,1991-07-01,0.57598006033,0.46840530348,0.2273
379,1991-08-01,0.58836317667,0.47993695364,0.2086
380,1991-09-01,0.60243787194,0.48620270866,0.2048
381,1991-10-01,0.60201846734,0.48011616984,0.2011
382,1991-11-01,0.62123446422,0.47962090742,0.1903
383,1991-12-01,0.63720703468,0.47348937532,0.1984
384,1992-01-01,0.63332045674,0.47124753285,0.1833
385,1992-02-01,0.6210387645,0.47576805341,0.1728
386,1992-03-01,0.60272099317,0.47083670641,0.1812
387,1992-04-01,0.6139681765,0.47099086094,0.2086
388,1992-05-01,0.63283116539,0.46355814016,0.2114
389,1992-06-01,0.64767133503,0.46048497335,0.2284
390,1992-07-01,0.67070742912,0.4649268608,0.2273
391,1992-08-01,0.67770813036,0.46925866191,0.2162
392,1992-09-01,0.65429695215,0.47511661807,0.2053
393,1992-10-01,0.59695331791,0.47679919835,0.192
394,1992-11-01,0.56998203632,0.47137099103,0.1889
395,1992-12-01,0.61196534503,0.46471383657,0.1797
396,1993-01-01,0.6322,0.4576,0.1817
397,1993-02-01,0.6117,0.4641,0.1887
398,1993-03-01,0.6294,0.4755,0.2341
399,1993-04-01,0.6637,0.4783,0.2458
400,1993-05-01,0.6559,0.4709,0.2608
401,1993-06-01,0.6372,0.4717,0.2291
402,1993-07-01,0.6129,0.4825,0.2134
403,1993-08-01,0.5957,0.4838,0.2059
404,1993-09-01,0.6086,0.4841,0.2103
405,1993-10-01,0.6004,0.4822,0.2269
406,1993-11-01,0.5912,0.4821,0.2231
407,1993-12-01,0.5949,0.4849,0.2319
408,1994-01-01,0.596,0.4851,0.2271
409,1994-02-01,0.5904,0.4835,0.2385
410,1994-03-01,0.5953,0.4839,0.2586
411,1994-04-01,0.592,0.4859,0.2427
412,1994-05-01,0.6001,0.489,0.2553
413,1994-06-01,0.6088,0.495,0.2657
414,1994-07-01,0.6296,0.5007,0.2596
415,1994-08-01,0.6345,0.4828,0.2668
416,1994-09-01,0.6466,0.4802,0.2777
417,1994-10-01,0.6642,0.4745,0.2811
418,1994-11-01,0.6574,0.4756,0.3073
419,1994-12-01,0.6451,0.4919,0.3234
420,1995-01-01,0.6513,0.4995,0.3254
421,1995-02-01,0.6504,0.4998,0.3177
422,1995-03-01,0.6799,0.4952,0.3217
423,1995-04-01,0.7008,0.5023,0.302
424,1995-05-01,0.7066,0.5093,0.2981
425,1995-06-01,0.7024,0.5187,0.3091
426,1995-07-01,0.7048,0.5402,0.2996
427,1995-08-01,0.6937,0.5168,0.2862
428,1995-09-01,0.6883,0.5117,0.2577
429,1995-10-01,0.6978,0.5062,0.2604
430,1995-11-01,0.6953,0.4982,0.2641
431,1995-12-01,0.6845,0.5004,0.2714
432,1996-01-01,0.6865,0.4938,0.2762
433,1996-02-01,0.6892,0.4975,0.2824
434,1996-03-01,0.685,0.4976,0.2846
435,1996-04-01,0.6797,0.498,0.2641
436,1996-05-01,0.6797,0.498,0.2511
437,1996-06-01,0.6808,0.4958,0.2683
438,1996-07-01,0.6969,0.4806,0.2824
439,1996-08-01,0.6766,0.4927,0.2727
440,1996-09-01,0.6808,0.4932,0.2628
441,1996-10-01,0.6923,0.493,0.2452
442,1996-11-01,0.7046,0.4877,0.2363
443,1996-12-01,0.6455,0.4871,0.2368
444,1997-01-01,0.6896,0.4824,0.2357
445,1997-02-01,0.6541,0.4824,0.2383
446,1997-03-01,0.6457,0.4808,0.2449
447,1997-04-01,0.6336,0.4791,0.2491
448,1997-05-01,0.6349,0.4784,0.2447
449,1997-06-01,0.6393,0.4769,0.252
450,1997-07-01,0.6329,0.4859,0.2474
451,1997-08-01,0.599,0.4907,0.2579
452,1997-09-01,0.5828,0.4914,0.2498
453,1997-10-01,0.5944,0.4905,0.2509
454,1997-11-01,0.6149,0.4828,0.2648
455,1997-12-01,0.6056,0.4824,0.2723
456,1998-01-01,0.5957,0.4817,0.254
457,1998-02-01,0.5973,0.4804,0.2363
458,1998-03-01,0.6052,0.4793,0.2169
459,1998-04-01,0.6091,0.4881,0.2134
460,1998-05-01,0.5911,0.4919,0.2035
461,1998-06-01,0.5874,0.4945,0.1786
462,1998-07-01,0.5835,0.4998,0.1901
463,1998-08-01,0.5783,0.4898,0.1882
464,1998-09-01,0.5959,0.4835,0.1594
465,1998-10-01,0.6078,0.4775,0.1645
466,1998-11-01,0.6076,0.4813,0.1777
467,1998-12-01,0.6109,0.4892,0.1781
468,1999-01-01,0.6036,0.4941,0.1788
469,1999-02-01,0.5955,0.4925,0.1504
470,1999-03-01,0.5924,0.4969,0.1329
471,1999-04-01,0.5889,0.4982,0.1195
472,1999-05-01,0.5908,0.4993,0.1263
473,1999-06-01,0.5836,0.4989,0.1332
474,1999-07-01,0.5754,0.4982,0.1186
475,1999-08-01,0.5875,0.4685,0.1263
476,1999-09-01,0.5935,0.4436,0.147
477,1999-10-01,0.6061,0.4284,0.1488
478,1999-11-01,0.5935,0.3836,0.1435
479,1999-12-01,0.59,0.3896,0.1318
480,2000-01-01,0.6001,0.39,0.1241
481,2000-02-01,0.5851,0.3765,0.1173
482,2000-03-01,0.5778,0.4054,0.1127
483,2000-04-01,0.5794,0.4279,0.1325
484,2000-05-01,0.5547,0.4215,0.1526
485,2000-06-01,0.5514,0.4203,0.1845
486,2000-07-01,0.5515,0.4151,0.2125
487,2000-08-01,0.5507,0.4163,0.2302
488,2000-09-01,0.5245,0.4314,0.2211
489,2000-10-01,0.5307,0.476,0.237
490,2000-11-01,0.5213,0.4799,0.2189
491,2000-12-01,0.5346975117,0.4708,0.2209
492,2001-01-01,0.53021111,0.4731,0.2275
493,2001-02-01,0.531533882,0.4749,0.2176
494,2001-03-01,0.5283922985,0.4751,0.2044
495,2001-04-01,0.56029976376,0.4741,0.1939
496,2001-05-01,0.5212383066,0.4707,0.2113
497,2001-06-01,0.51205826892,0.4639,0.1993
498,2001-07-01,0.5169392976,0.4632,0.1938
499,2001-08-01,0.525360946,0.4694,0.1788
500,2001-09-01,0.53478128726,0.4709,0.1662
501,2001-10-01,0.530652034,0.4664,0.1497
502,2001-11-01,0.52611272142,0.4702,0.1695
503,2001-12-01,0.52622956628,0.4724,0.1727
504,2002-01-01,0.524038174,0.4674,0.1713
505,2002-02-01,0.520069858,0.4604,0.1437
506,2002-03-01,0.520069858,0.4456,0.1477
507,2002-04-01,0.52690418,0.4344,0.1519
508,2002-05-01,0.5336723634,0.4371,0.134
509,2002-06-01,0.54264296218,0.4407,0.1268
510,2002-07-01,0.56803797996,0.457,0.1409
511,2002-08-01,0.561737176,0.461,0.1387
512,2002-09-01,0.5685935442,0.4744,0.1534
513,2002-10-01,0.5693651612,0.4813,0.1656
514,2002-11-01,0.5751192194,0.4916,0.1726
515,2002-12-01,0.57981506,0.4856,0.1753
516,2003-01-01,0.589956312,0.4859927,0.1805584
517,2003-02-01,0.58979537474,0.4890215,0.1986363
518,2003-03-01,0.57875243316,0.490528,0.1814402
519,2003-04-01,0.5757585592,0.4818798,0.1708581
520,2003-05-01,0.59338153418,0.4816465,0.1580713
521,2003-06-01,0.607152348,0.4767333,0.1483709
522,2003-07-01,0.59414509,0.4706864,0.150796
523,2003-08-01,0.5828353894,0.4685762,0.1505755
524,2003-09-01,0.588413078,0.4666341,0.1318363
525,2003-10-01,0.612663898,0.463507,0.1320567
526,2003-11-01,0.613325284,0.4595898,0.1340409
527,2003-12-01,0.639560262,0.4497425,0.138383
528,2004-01-01,0.665574778,0.45123930095,0.128088422
529,2004-02-01,0.68278985589,0.45516120389,0.128749808
530,2004-03-01,0.66826711691,0.46581703539,0.142418452
531,2004-04-01,0.65974445741,0.46398852448,0.145063996
532,2004-05-01,0.65361912374,0.4575578579,0.139772908
533,2004-06-01,0.66819166194,0.441585386,0.152780166
534,2004-07-01,0.67328674099,0.44888162838,0.174385442
535,2004-08-01,0.66526790092,0.44312862,0.166969902
536,2004-09-01,0.65547411346,0.45366880324,0.169535278
537,2004-10-01,0.6603098717,0.47150522886,0.18629039
538,2004-11-01,0.678582036,0.45064532438,0.179896992
539,2004-12-01,0.70514239334,0.45296542448,0.18188115
540,2005-01-01,0.68673678713,0.4546587826,0.192242864
541,2005-02-01,0.69016270152,0.448860632,0.20062042
542,2005-03-01,0.69675992173,0.454181783,0.195770256
543,2005-04-01,0.69274436837,0.46769438571,0.189376858
544,2005-05-01,0.67915527359,0.48262281257,0.189376858
545,2005-06-01,0.66501196281,0.482591318,0.19951811
546,2005-07-01,0.64011217641,0.4835944201,0.212525368
547,2005-08-01,0.65569016511,0.45169788209,0.218918766
548,2005-09-01,0.66119948217,0.4666130721,0.227296322
549,2005-10-01,0.644856085,0.47885396219,0.245153744
550,2005-11-01,0.63447555507,0.4770026063,0.250885756
551,2005-12-01,0.63816006666,0.48281178,0.293434922
552,2006-01-01,0.64580671225,0.5154291329,0.34722765
553,2006-02-01,0.6391706898,0.531974806,0.397713448
554,2006-03-01,0.63744326654,0.508385372,0.380076488
555,2006-04-01,0.64590118851,0.51997703189,0.385588038
556,2006-05-01,0.68359074273,0.516642676,0.370817084
557,2006-06-01,0.67401633079,0.514167489,0.33951148
558,2006-07-01,0.63012456,0.4917184448,0.35384151
559,2006-08-01,0.6364656,0.47150112087,0.29797835626
560,2006-09-01,0.63229865143,0.4665306613,0.266318096
561,2006-10-01,0.62651673818,0.447948721,0.256617768
562,2006-11-01,0.63994840364,0.4356108658,0.259704236
563,2006-12-01,0.65641138105,0.4318630118,0.255074534
564,2007-01-01,0.64573416,0.4390390499,0.24140589
565,2007-02-01,0.649526256,0.45692489989,0.233028334
566,2007-03-01,0.65785578545,0.45916222,0.230162328
567,2007-04-01,0.67148272421,0.4608978572,0.214289064
568,2007-05-01,0.67124228727,0.463210704,0.207895666
569,2007-06-01,0.66663462857,0.47010896952,0.204809198
570,2007-07-01,0.68139055636,0.46557375124,0.224430316
571,2007-08-01,0.67667321455,0.48060716,0.216273222
572,2007-09-01,0.690375636,0.46307462937,0.215170912
573,2007-10-01,0.70682112,0.44707776539,0.220462
574,2007-11-01,0.72930003429,0.4417507325,0.22266662
575,2007-12-01,0.72391942588,0.44551889221,0.235232954
576,2008-01-01,0.73118572364,0.44618359343,0.263893014
577,2008-02-01,0.73269956571,0.444010468,0.297844162
578,2008-03-01,0.7714,0.45525403,0.29100984
579,2008-04-01,0.78220450286,0.451576323,0.276900272
580,2008-05-01,0.77287176,0.45928533514,0.266097634
581,2008-06-01,0.77266121143,0.47946285724,0.267420406
582,2008-07-01,0.78317064,0.52379767,0.313717426
583,2008-08-01,0.74397692571,0.5126791319,0.322094982
584,2008-09-01,0.71387676,0.50924622362,0.298285086
585,2008-10-01,0.52608921391,0.47192287426,0.26234978
586,2008-11-01,0.5027926035,0.43362554747,0.266979482
587,2008-12-01,0.5301947145,0.435943563,0.25904285
588,2009-01-01,0.5230983615,0.4441758145,0.277561658
589,2009-02-01,0.504867803,0.43494831947,0.292553074
590,2009-03-01,0.51533732,0.435482597,0.29541908
591,2009-04-01,0.520884947,0.468261288,0.30093063
592,2009-05-01,0.53835024571,0.4767600981,0.353621048
593,2009-06-01,0.55350979,0.49153005,0.362219066
594,2009-07-01,0.5563231013,0.507393293,0.406311466
595,2009-08-01,0.56344332,0.57464995029,0.494716728
596,2009-09-01,0.54300342,0.63736614019,0.508385372
597,2009-10-01,0.48781481818,0.677780356,0.499125968
598,2009-11-01,0.49634818182,0.7024580706,0.490748412
599,2009-12-01,0.48924128261,0.734208607,0.518747086
600,2010-01-01,0.47811535,0.86769201895,0.583562914
601,2010-02-01,0.45847095,0.88740596305,0.559753018
602,2010-03-01,0.4547158913,0.77412834974,0.411382092
603,2010-04-01,0.44978851136,0.68384162943,0.36265999
604,2010-05-01,0.42097695238,0.6810622335,0.33510224
605,2010-06-01,0.40909210227,0.723736662,0.350093656
606,2010-07-01,0.42774931818,0.73277369524,0.384926652
607,2010-08-01,0.432057875,0.771727231,0.408075162
608,2010-09-01,0.43901111905,0.841503454,0.496259962
609,2010-10-01,0.45409956305,0.84287871695,0.542556982
610,2010-11-01,0.44547608182,0.85621141886,0.58091737
611,2010-12-01,0.43194375165,0.846854668,0.616872718
612,2011-01-01,0.43668458476,0.84793166179,0.652787982
613,2011-02-01,0.4461348424,0.873911368,0.649701514
614,2011-03-01,0.45777464765,0.87509036043,0.578492288
615,2011-04-01,0.47256886362,0.8427711105,0.537045432
616,2011-05-01,0.46787650743,0.781758252,0.48391409
617,2011-06-01,0.47025827491,0.783932809,0.555784702
618,2011-07-01,0.46669544876,0.8362013429,0.622143764
619,2011-08-01,0.468172744,0.88025683948,0.61178205
620,2011-09-01,0.44907937455,0.8852599119,0.587751692
621,2011-10-01,0.4482230381,0.8284080112,0.56107579
622,2011-11-01,0.44259641636,0.83607588952,0.529549724
623,2011-12-01,0.42934179127,0.79828240381,0.507944448
624,2012-01-01,0.42159415527,0.7648488166,0.519408472
625,2012-02-01,0.43228146743,0.7414467753,0.531754344
626,2012-03-01,0.431500056,0.763530053,0.53131342
627,2012-04-01,0.42987269867,0.7025572785,0.50155105
628,2012-05-01,0.4182515168,0.66579524,0.458781422
629,2012-06-01,0.4097542701,0.6306368001,0.451285714
630,2012-07-01,0.40143723927,0.63230601238,0.504417056
631,2012-08-01,0.40505721496,0.6336173733,0.460324656
632,2012-09-01,0.42040518,0.57904924463,0.44065712495
633,2012-10-01,0.42354051096,0.52540103,0.44778707791
634,2012-11-01,0.41925182945,0.49645942762,0.42635251162
635,2012-12-01,0.42867686705,0.4920270916,0.425712122
636,2013-01-01,0.434390112,0.47559952314,0.416101983
637,2013-02-01,0.4355967512,0.45716470067,0.40283306556
638,2013-03-01,0.42310513143,0.45945441126,0.40773866737
639,2013-04-01,0.425360728,0.448058952,0.392512549
640,2013-05-01,0.42381737704,0.430191509,0.38851417
641,2013-06-01,0.4310828756,0.4225925847,0.3768356966
642,2013-07-01,0.42762819026,0.423667838,0.371187861
643,2013-08-01,0.43495417018,0.450564202,0.37548687
644,2013-09-01,0.43634169676,0.4641717179,0.3835928569
645,2013-10-01,0.445395184,0.47967738548,0.41145877443
646,2013-11-01,0.44078291276,0.4594097387,0.38937788476
647,2013-12-01,0.44749630073,0.43545444276,0.36489610457
648,2014-01-01,0.4448457113,0.446876474,0.344582106
649,2014-02-01,0.446113616,0.47730023,0.366187382
650,2014-03-01,0.451403888,0.485677786,0.39462698
651,2014-04-01,0.45114264,0.536384046,0.39132005
652,2014-05-01,0.44869344,0.543659292,0.402784074
653,2014-06-01,0.443827696,0.56548503,0.400579454
654,2014-07-01,0.442260208,0.546304836,0.402563612
655,2014-08-01,0.434879952,0.565264568,0.379635564
656,2014-09-01,0.421556304,0.559091632,0.353400586
657,2014-10-01,0.413784176,0.582240142,0.36927385
658,2014-11-01,0.407350944,0.534840812,0.356927978
659,2014-12-01,0.402289264,0.546966222,0.337968246
660,2015-01-01,0.380311776,0.556446088,0.338188708
661,2015-02-01,0.370874192,0.542777444,0.321654058
662,2015-03-01,0.353795104,0.530652034,0.290127992
663,2015-04-01,0.352456208,0.537706818,0.288364296
664,2015-05-01,0.36460424,0.542556982,0.294096308
665,2015-06-01,0.366171728,0.545863912,0.274695652
666,2015-07-01,0.359346624,0.543879754,0.282852746
667,2015-08-01,0.363689872,0.5401319,0.2535313
668,2015-09-01,0.366694224,0.533738502,0.261467932
669,2015-10-01,0.366955472,0.552036848,0.306662642
670,2015-11-01,0.350692784,0.566146416,0.32077221
671,2015-12-01,0.355068688,0.569453346,0.322756368
672,2016-01-01,0.354742128,0.567910112,0.30974911
673,2016-02-01,0.362416288,0.5621781,0.292773536
674,2016-03-01,0.362840816,0.580255984,0.340393328
675,2016-04-01,0.37015576,0.61508898,0.335763626
676,2016-05-01,0.369306704,0.600979412,0.375005862
677,2016-06-01,0.366824848,0.610018354,0.42879859
678,2016-07-01,0.361403952,0.62060053,0.43210552
679,2016-08-01,0.366041104,0.629198548,0.443790006
680,2016-09-01,0.366139072,0.61619129,0.474654686
681,2016-10-01,0.360163024,0.629859934,0.489866564
682,2016-11-01,0.352978704,0.634048712,0.446215088
683,2016-12-01,0.3445208,0.644630888,0.407634238
684,2017-01-01,0.346708752,0.649040128,0.448199246
685,2017-02-01,0.347492496,0.674393258,0.447317398
686,2017-03-01,0.348994672,0.66028369,0.398595296
687,2017-04-01,0.349843728,0.633166864,0.362880452
688,2017-05-01,0.3608488,0.626553004,0.354061972
689,2017-06-01,0.366628912,0.613545746,0.30644218
690,2017-07-01,0.375772592,0.589294926,0.322315444
691,2017-08-01,0.385569392,0.553580082,0.316803894
692,2017-09-01,0.38925952,0.59414509,0.317244818
693,2017-10-01,0.384001904,0.597231558,0.316142508
694,2017-11-01,0.383348784,0.601640798,0.330472538
695,2017-12-01,0.386581728,0.593704166,0.317024356
696,2018-01-01,0.398109296,0.586208458,0.310630958
697,2018-02-01,0.403562848,0.569453346,0.298946472
698,2018-03-01,0.402779104,0.545202526,0.275136576
699,2018-04-01,0.400950368,0.549391304,0.265215786
700,2018-05-01,0.3861572,0.54233652,0.27227057
701,2018-06-01,0.38142208,0.567028264,0.2755775
702,2018-07-01,0.381454736,0.563059948,0.258381464
703,2018-08-01,0.377046176,0.56438272,0.244492358
704,2018-09-01,0.380736304,0.55997348,0.250665294
705,2018-10-01,0.375119472,0.555784702,0.292773536
706,2018-11-01,0.371037472,0.552036848,0.28439598
707,2018-12-01,0.371853872,0.556225626,0.27888443
708,2019-01-01,0.372964176,0.563721334,0.281970898
709,2019-02-01,0.370710912,0.57099658,0.286159676
710,2019-03-01,0.369241392,0.578271826,0.280207202
711,2019-04-01,0.367086096,0.59414509,0.282411822
712,2019-05-01,0.36525736,0.581137832,0.27337288
713,2019-06-01,0.368751552,0.584003838,0.284836904
714,2019-07-01,0.36640032,0.565705492,0.282852746
715,2019-08-01,0.363330656,0.56879196,0.271609184
716,2019-09-01,0.359477248,0.565264568,0.261908856
717,2019-10-01,0.360946768,0.574744434,0.277120734
718,2019-11-01,0.360979424,0.600538488,0.28219136
719,2019-12-01,0.362873472,0.573421662,0.295639542
720,2020-01-01,0.36264488,0.57099658,0.31195373
721,2020-02-01,0.356244304,0.588854002,0.325842836
722,2020-03-01,0.361305984,0.597231558,0.260806546
723,2020-04-01,0.354905408,0.573642124,0.225091702
724,2020-05-01,0.356015712,0.56989427,0.241626352
725,2020-06-01,0.36754328,0.57209889,0.26675902
726,2020-07-01,0.374270416,0.586869844,0.270727336
727,2020-08-01,0.386255168,0.603845418,0.28880522
728,2020-09-01,0.385144864,0.59194047,0.281309512
729,2020-10-01,0.38436112,0.60737281,0.302694326
730,2020-11-01,0.386516416,0.646615046,0.311512806
731,2020-12-01,0.397325552,0.626553004,0.310410496
732,2021-01-01,0.3975868,0.634710098,0.335543164
733,2021-02-01,0.395039632,0.655213064,0.356927978
734,2021-03-01,0.388704368,0.671968176,0.342597948
735,2021-04-01,0.390500448,0.689164212,0.356266592
736,2021-05-01,0.396705088,0.712974108,0.380517412
737,2021-06-01,0.3935048,0.72862691,0.383824342
738,2021-07-01,0.386059232,0.796749668,0.39021774
739,2021-08-01,0.384426432,0.759712052,0.429459976
740,2021-09-01,0.384426432,0.787931188,0.431664596
741,2021-10-01,0.378842256,0.817032172,0.424168888
742,2021-11-01,0.372800896,0.818354944,0.428137204
743,2021-12-01,0.369110768,0.809316002,0.415350408
744,2022-01-01,0.36966592,0.782199176,0.401681764
745,2022-02-01,0.370417008,0.779994556,0.393745132
746,2022-03-01,0.359836464,0.800938446,0.41998011
747,2022-04-01,0.353468544,0.81350478,0.433428292
748,2022-05-01,0.345467824,0.802040756,0.42879859
749,2022-06-01,0.345304544,0.793001814,0.41777549
750,2022-07-01,0.33260136,0.767869146,0.402784074
751,2022-08-01,0.330772624,0.782199176,0.39352467
752,2022-09-01,0.32362096,0.770955614,0.390658664
753,2022-10-01,0.320943168,0.762578058,0.38691081
754,2022-11-01,0.332993232,0.792340428,0.407413776
755,2022-12-01,0.345729072,0.805127224,0.417334566
